Filename,Brand,Eligibility,Neutral_Text,Researcher_Note,Raw_down_to_earth,Raw_family_oriented,Raw_small_town,Raw_honest,Raw_sincere,Raw_real,Raw_wholesome,Raw_original,Raw_cheerful,Raw_sentimental,Raw_friendly,Raw_daring,Raw_trendy,Raw_exciting,Raw_spirited,Raw_cool,Raw_young,Raw_imaginative,Raw_unique,Raw_up_to_date,Raw_independent,Raw_contemporary,Raw_reliable,Raw_hard_working,Raw_secure,Raw_intelligent,Raw_technical,Raw_corporate,Raw_successful,Raw_leader,Raw_confident,Raw_upper_class,Raw_glamorous,Raw_good_looking,Raw_charming,Raw_feminine,Raw_smooth,Raw_outdoorsy,Raw_masculine,Raw_western,Raw_tough,Raw_rugged
logo_1024/thesaem_logotype.png,THE SAEM,A,,,0.2558782994747162,0.25745928287506104,0.2648543417453766,0.25686055421829224,0.25071102380752563,0.25074121356010437,0.2410109043121338,0.2679530382156372,0.25024378299713135,0.249755859375,0.2512829303741455,0.2518298327922821,0.2608685791492462,0.26285502314567566,0.2540470361709595,0.2585682272911072,0.23288778960704803,0.24853157997131348,0.2604844272136688,0.26968827843666077,0.2597579061985016,0.2758948802947998,0.26212966442108154,0.23549878597259521,0.26875436305999756,0.25962334871292114,0.25519463419914246,0.2566211521625519,0.2501074969768524,0.23172582685947418,0.24795740842819214,0.2636362910270691,0.2402951419353485,0.2580394446849823,0.25369325280189514,0.25631439685821533,0.2738722264766693,0.2483125627040863,0.27202287316322327,0.222789004445076,0.25486278533935547,0.21903954446315765
logo_1024/cnp_logotype.png,CNP Laboratory,A,,,0.212606281042099,0.22370333969593048,0.20897385478019714,0.22977548837661743,0.21341562271118164,0.2085474580526352,0.19655779004096985,0.23102931678295135,0.23338204622268677,0.22332105040550232,0.23046763241291046,0.2189721316099167,0.23350974917411804,0.2390601634979248,0.2243862748146057,0.2242136299610138,0.1999366730451584,0.22395873069763184,0.2349240779876709,0.23755374550819397,0.23548081517219543,0.24368816614151,0.23383721709251404,0.2226751744747162,0.23120930790901184,0.2365742027759552,0.231048583984375,0.2448803335428238,0.2159409523010254,0.21534238755702972,0.2298276126384735,0.22880819439888,0.22507841885089874,0.2187776267528534,0.21731577813625336,0.20758116245269775,0.2297121286392212,0.20899638533592224,0.23382076621055603,0.18747346103191376,0.22067001461982727,0.19244207441806793
logo_1024/peripera_logotype.png,peripera,A,,,0.24660542607307434,0.2524954378604889,0.2308773398399353,0.2532411217689514,0.2575386166572571,0.2444208711385727,0.23023854196071625,0.261068195104599,0.27416935563087463,0.25505366921424866,0.2604667842388153,0.27283939719200134,0.2778601050376892,0.27809417247772217,0.2732481062412262,0.27283620834350586,0.22694066166877747,0.27351874113082886,0.26981520652770996,0.2665308713912964,0.28010326623916626,0.2785668671131134,0.2600410580635071,0.24078428745269775,0.2673003375530243,0.2694871127605438,0.24489086866378784,0.28041955828666687,0.2513540983200073,0.2407860904932022,0.2751122713088989,0.25885462760925293,0.2523077130317688,0.26881128549575806,0.24912676215171814,0.25755712389945984,0.26248854398727417,0.2574605345726013,0.2654736042022705,0.19137625396251678,0.25706711411476135,0.22417646646499634
logo_1024/thewhoo_logotype.png,THE WHOO,A,,,0.253000944852829,0.24719779193401337,0.24180898070335388,0.25510329008102417,0.2306324541568756,0.23684030771255493,0.25365278124809265,0.2628144323825836,0.2553252875804901,0.25209638476371765,0.24408958852291107,0.24384620785713196,0.2595016360282898,0.2629883885383606,0.2621026337146759,0.25773799419403076,0.235450878739357,0.2456245720386505,0.2567160725593567,0.26025062799453735,0.25527819991111755,0.2667134702205658,0.24946075677871704,0.23770403861999512,0.2463138997554779,0.25218814611434937,0.23965170979499817,0.2526964545249939,0.25096505880355835,0.23764970898628235,0.24907682836055756,0.25425955653190613,0.24829533696174622,0.25023916363716125,0.24973903596401215,0.24807384610176086,0.2632003128528595,0.25146663188934326,0.26809513568878174,0.23522785305976868,0.2469046711921692,0.2180120199918747
logo_1024/dominas_logotype.png,DOMINAS,A,,,0.23473350703716278,0.2383948117494583,0.22332999110221863,0.24314621090888977,0.2161572277545929,0.21114009618759155,0.20939408242702484,0.2531791627407074,0.2365908920764923,0.23351126909255981,0.21822620928287506,0.2508533000946045,0.24360018968582153,0.2489815354347229,0.2383292019367218,0.2396189570426941,0.2309642732143402,0.23767106235027313,0.24198707938194275,0.24504679441452026,0.22871339321136475,0.2665652632713318,0.2282007336616516,0.22319141030311584,0.23715659976005554,0.23771581053733826,0.22195564210414886,0.2514484226703644,0.23600631952285767,0.2065027356147766,0.23455213010311127,0.23853084444999695,0.2537171244621277,0.23883073031902313,0.2546430230140686,0.2471267729997635,0.23708254098892212,0.22006452083587646,0.25543713569641113,0.20670685172080994,0.23809048533439636,0.19388505816459656
logo_1024/somebymi_logotype.png,SOME BY MI,A,,,0.24598008394241333,0.2390359342098236,0.23423025012016296,0.2599419057369232,0.2577413320541382,0.2264574021100998,0.23223444819450378,0.24496838450431824,0.24842578172683716,0.26367121934890747,0.24518927931785583,0.23575592041015625,0.261384516954422,0.25041890144348145,0.2471410036087036,0.2468433678150177,0.22907844185829163,0.24068032205104828,0.24582016468048096,0.24326306581497192,0.24596412479877472,0.25751104950904846,0.24079200625419617,0.22481131553649902,0.26266682147979736,0.23412343859672546,0.2295704185962677,0.24236029386520386,0.2468959391117096,0.23196923732757568,0.25532278418540955,0.22673815488815308,0.22987337410449982,0.24586954712867737,0.24084383249282837,0.24411499500274658,0.25544050335884094,0.23060402274131775,0.25405946373939514,0.1979983150959015,0.24740412831306458,0.19597846269607544
logo_1024/Stembell_logotype.png,STEMBELL,A,,,0.2160598188638687,0.24453423917293549,0.24290545284748077,0.2264038324356079,0.2488778531551361,0.21195000410079956,0.19480569660663605,0.24607330560684204,0.2530149221420288,0.23913466930389404,0.22907865047454834,0.22775962948799133,0.2433154284954071,0.2420351207256317,0.24469052255153656,0.2321072518825531,0.2124546766281128,0.2292933315038681,0.23549573123455048,0.23658159375190735,0.23561613261699677,0.2590549886226654,0.23700271546840668,0.21389159560203552,0.23583248257637024,0.23761232197284698,0.23357385396957397,0.25491395592689514,0.23166441917419434,0.1981794685125351,0.24217930436134338,0.2312939465045929,0.23912706971168518,0.2329351305961609,0.24674023687839508,0.24767571687698364,0.2460768073797226,0.22505250573158264,0.251108855009079,0.21253152191638947,0.2324434369802475,0.20897412300109863
logo_1024/medicube_logotype.png,medicube,A,,,0.22849619388580322,0.24833214282989502,0.21514829993247986,0.23028859496116638,0.23780320584774017,0.22575116157531738,0.2180631160736084,0.24184148013591766,0.245049387216568,0.21813128888607025,0.2376910299062729,0.23820823431015015,0.2576157748699188,0.2505631446838379,0.24206799268722534,0.2514946460723877,0.22276878356933594,0.2524978518486023,0.25328248739242554,0.2534666061401367,0.2495397925376892,0.250225692987442,0.25277596712112427,0.22726964950561523,0.2537786364555359,0.24896511435508728,0.2322237491607666,0.2652178704738617,0.24083155393600464,0.2496136575937271,0.24969491362571716,0.24109433591365814,0.24327576160430908,0.2528133690357208,0.22880025207996368,0.23402902483940125,0.2482128143310547,0.2462671846151352,0.25749337673187256,0.18829159438610077,0.24458108842372894,0.21637186408042908
logo_1024/fromrier_logotype.png,fromrier,A,,,0.24917376041412354,0.2651597559452057,0.25405675172805786,0.25084927678108215,0.250333309173584,0.23261576890945435,0.2398315668106079,0.24815866351127625,0.24590787291526794,0.22941118478775024,0.26468992233276367,0.24780437350273132,0.2578038275241852,0.26308268308639526,0.2519993484020233,0.25002166628837585,0.24192605912685394,0.2539342939853668,0.2549973130226135,0.26151007413864136,0.254537969827652,0.26497364044189453,0.24382755160331726,0.23261764645576477,0.2577210068702698,0.2545240521430969,0.24577561020851135,0.2592756152153015,0.22697587311267853,0.24796584248542786,0.24482309818267822,0.24047422409057617,0.2444712519645691,0.2539953887462616,0.25328052043914795,0.2682237923145294,0.2555854916572571,0.2430858463048935,0.25648146867752075,0.21626880764961243,0.25443440675735474,0.22873088717460632
logo_1024/amuse_logotype.png,AMUSE,A,,,0.2242351472377777,0.25007113814353943,0.2249230295419693,0.25336316227912903,0.2432621419429779,0.22152641415596008,0.2226821482181549,0.24692296981811523,0.24806109070777893,0.2276620715856552,0.23938533663749695,0.2460900843143463,0.25608789920806885,0.2611647844314575,0.24565739929676056,0.2538478374481201,0.23401567339897156,0.25087738037109375,0.2690712809562683,0.25993669033050537,0.24557025730609894,0.2603105902671814,0.24652089178562164,0.21746960282325745,0.2612621486186981,0.2590778172016144,0.23499733209609985,0.2615216076374054,0.2483508586883545,0.2366320937871933,0.2524435520172119,0.24815964698791504,0.2485269010066986,0.25112149119377136,0.24205784499645233,0.2550870478153229,0.2608138918876648,0.24292714893817902,0.2722315490245819,0.20103362202644348,0.2515379786491394,0.21710529923439026
logo_1024/numbuzin_logotype.png,numbuzin,A,,,0.26877322793006897,0.2635803520679474,0.2536279261112213,0.2618045210838318,0.2633725106716156,0.262778639793396,0.2486237734556198,0.27387797832489014,0.2709372043609619,0.2575530409812927,0.2672925591468811,0.255771279335022,0.2813858091831207,0.2745024859905243,0.27015575766563416,0.27732640504837036,0.26238542795181274,0.26921212673187256,0.2800421714782715,0.2807596027851105,0.2674188017845154,0.28042736649513245,0.2713468372821808,0.2492380291223526,0.2726539671421051,0.27641797065734863,0.26535564661026,0.2866470217704773,0.2773337960243225,0.2628340721130371,0.25821223855018616,0.2519521117210388,0.27120310068130493,0.27044516801834106,0.271198034286499,0.26847314834594727,0.2800632417201996,0.2626495063304901,0.2744799256324768,0.21096086502075195,0.2668653726577759,0.24988113343715668
logo_1024/celimax_logotype.png,celimax,A,,,0.21430176496505737,0.23609986901283264,0.2148246467113495,0.2164975106716156,0.20066094398498535,0.21347293257713318,0.19371899962425232,0.2280101776123047,0.23424279689788818,0.2128055989742279,0.22131279110908508,0.22368067502975464,0.23931719362735748,0.2474822700023651,0.22585389018058777,0.24100887775421143,0.19381240010261536,0.2411026805639267,0.2397463470697403,0.2352042943239212,0.23530526459217072,0.24536287784576416,0.2387506365776062,0.20121142268180847,0.2363108992576599,0.23938095569610596,0.22903919219970703,0.25260400772094727,0.21508756279945374,0.1973288357257843,0.2304619550704956,0.2263263761997223,0.24450626969337463,0.23443078994750977,0.2387951910495758,0.23600056767463684,0.23198972642421722,0.22140911221504211,0.24598824977874756,0.18198931217193604,0.22379028797149658,0.1923809051513672
logo_1024/vdl_logotype.png,VDL,A,,,0.23129776120185852,0.23246046900749207,0.2068435102701187,0.22631223499774933,0.2174457311630249,0.2145509272813797,0.20571362972259521,0.22763529419898987,0.22730877995491028,0.22175663709640503,0.22739101946353912,0.23674318194389343,0.24640554189682007,0.24450567364692688,0.23773710429668427,0.23983269929885864,0.23430857062339783,0.2323676347732544,0.23876720666885376,0.2357388138771057,0.24062737822532654,0.23687805235385895,0.23411200940608978,0.22716480493545532,0.24415285885334015,0.24361735582351685,0.2383958101272583,0.24641896784305573,0.23403151333332062,0.26557618379592896,0.23941154778003693,0.22191788256168365,0.2385849803686142,0.23681554198265076,0.21871206164360046,0.22492820024490356,0.242344468832016,0.22886353731155396,0.2507058084011078,0.19596770405769348,0.23205429315567017,0.22028523683547974
logo_1024/tiela_logotype.png,TIELA,A,,,0.22967782616615295,0.24437227845191956,0.24387067556381226,0.23459044098854065,0.2220609486103058,0.2213735431432724,0.20771829783916473,0.24166390299797058,0.2527574598789215,0.2397690713405609,0.23413071036338806,0.2348041832447052,0.26773107051849365,0.25630807876586914,0.2501457929611206,0.25004541873931885,0.21356645226478577,0.23932020366191864,0.24364016950130463,0.2434590607881546,0.24735917150974274,0.25700920820236206,0.24338291585445404,0.20937609672546387,0.24790647625923157,0.24426698684692383,0.25283151865005493,0.24647796154022217,0.24328207969665527,0.2100435495376587,0.2561430335044861,0.2379501461982727,0.25009864568710327,0.2516537308692932,0.24357134103775024,0.25247135758399963,0.2492254674434662,0.24003009498119354,0.2647725045681,0.19305630028247833,0.24214962124824524,0.20171517133712769
logo_1024/farmrx_logotype.png,farmrx,A,,,0.24204905331134796,0.2779015302658081,0.2293613851070404,0.2343735247850418,0.24042680859565735,0.22822538018226624,0.21793219447135925,0.24149581789970398,0.236260324716568,0.22330370545387268,0.24502035975456238,0.2524856925010681,0.2576161026954651,0.26003095507621765,0.24566446244716644,0.2500748634338379,0.21860815584659576,0.25833240151405334,0.2556568384170532,0.24476492404937744,0.2584760785102844,0.2528873085975647,0.24428623914718628,0.24895009398460388,0.26015281677246094,0.2526431083679199,0.2522158622741699,0.27038198709487915,0.2498980313539505,0.22944185137748718,0.24636515974998474,0.2338900864124298,0.24507609009742737,0.25175315141677856,0.2426740676164627,0.2533663809299469,0.2535784840583801,0.24809113144874573,0.2602021098136902,0.19160974025726318,0.2431926727294922,0.2092275321483612
logo_1024/drjart_logotype.png,Dr.Jart+,A,,,0.2638692855834961,0.24695560336112976,0.22537457942962646,0.2396649867296219,0.22848042845726013,0.23575443029403687,0.2091008424758911,0.24295738339424133,0.23746563494205475,0.22485212981700897,0.22847983241081238,0.26086899638175964,0.23899953067302704,0.2525315284729004,0.2559835910797119,0.24350294470787048,0.22513578832149506,0.24808400869369507,0.244924396276474,0.2549556493759155,0.24346762895584106,0.2562558650970459,0.23537689447402954,0.24017435312271118,0.2516212463378906,0.25430452823638916,0.2419591248035431,0.268502414226532,0.24171164631843567,0.23874637484550476,0.2491683065891266,0.21768096089363098,0.23856902122497559,0.24291682243347168,0.2263266146183014,0.21918591856956482,0.24926823377609253,0.23666603863239288,0.2488572597503662,0.2047286480665207,0.24051474034786224,0.21842628717422485
logo_1024/laboh_logotype.png,LABO-H,A,,,0.24031230807304382,0.24933800101280212,0.22974783182144165,0.24112096428871155,0.2227810174226761,0.22049745917320251,0.21221250295639038,0.24480003118515015,0.24829769134521484,0.23291243612766266,0.23873132467269897,0.2397211641073227,0.25302669405937195,0.2542959451675415,0.2499019205570221,0.24557778239250183,0.2204311192035675,0.24402758479118347,0.24518781900405884,0.24905499815940857,0.2532404959201813,0.25583910942077637,0.24597588181495667,0.2621099352836609,0.24955865740776062,0.2484390139579773,0.2512837052345276,0.26820647716522217,0.237966388463974,0.2507001757621765,0.2508483827114105,0.22865977883338928,0.24994602799415588,0.2490592896938324,0.2370595932006836,0.24101567268371582,0.2552697956562042,0.24854816496372223,0.2547071874141693,0.19790221750736237,0.25143593549728394,0.20932099223136902
logo_1024/iisaknox_logotype.png,ISA KNOX,A,,,0.22610171139240265,0.234752357006073,0.23044097423553467,0.2543279528617859,0.2357560396194458,0.22949661314487457,0.21155977249145508,0.2519833445549011,0.23493731021881104,0.23977352678775787,0.2393249273300171,0.22912785410881042,0.25813212990760803,0.2578277587890625,0.2409515529870987,0.24696926772594452,0.21984049677848816,0.26166242361068726,0.25208795070648193,0.25541913509368896,0.26755964756011963,0.26664912700653076,0.2432694435119629,0.23201410472393036,0.2536090314388275,0.25739389657974243,0.24206894636154175,0.25142455101013184,0.2375362068414688,0.22315961122512817,0.2542235851287842,0.24402683973312378,0.266024649143219,0.2499832957983017,0.236749529838562,0.2443978488445282,0.2621062994003296,0.23870697617530823,0.2605783939361572,0.1850220113992691,0.2330687791109085,0.19890257716178894
logo_1024/beplain_logotype.png,beplain,A,,,0.26058652997016907,0.2582402527332306,0.2289731204509735,0.24281319975852966,0.21676091849803925,0.23379133641719818,0.22274547815322876,0.25054383277893066,0.26016056537628174,0.23873043060302734,0.24168619513511658,0.249013289809227,0.2692224979400635,0.2622562646865845,0.25558024644851685,0.25744959712028503,0.2147781252861023,0.25897684693336487,0.2584485113620758,0.2619144320487976,0.26196038722991943,0.26188957691192627,0.26752832531929016,0.22451633214950562,0.2647419571876526,0.26858434081077576,0.2521653175354004,0.2647815942764282,0.24420899152755737,0.2310677468776703,0.2603835463523865,0.24903464317321777,0.251048743724823,0.25758910179138184,0.2459893822669983,0.2511945962905884,0.2465095818042755,0.2424086630344391,0.257808119058609,0.18768160045146942,0.24572515487670898,0.19583019614219666
logo_1024/CLIO_logotype.png,CLIO,A,,,0.22836926579475403,0.2380135953426361,0.22395111620426178,0.22838106751441956,0.22209793329238892,0.21313729882240295,0.198568195104599,0.23889106512069702,0.24866195023059845,0.23325011134147644,0.22001317143440247,0.22966203093528748,0.2455514669418335,0.2496216595172882,0.24369937181472778,0.24168244004249573,0.20915105938911438,0.24824158847332,0.23986363410949707,0.2516448199748993,0.24856321513652802,0.25797101855278015,0.23438385128974915,0.22429299354553223,0.24313585460186005,0.2604629397392273,0.24188943207263947,0.26499223709106445,0.23246607184410095,0.2330583930015564,0.2416878342628479,0.2451077103614807,0.2570195198059082,0.23663654923439026,0.24100393056869507,0.22958850860595703,0.23463723063468933,0.23930692672729492,0.2494453638792038,0.19861838221549988,0.23076821863651276,0.20970769226551056
logo_1024/tpsy_logotype.png,TPSY,A,,,0.22315889596939087,0.24914869666099548,0.217978373169899,0.23906852304935455,0.22444979846477509,0.20437732338905334,0.21133029460906982,0.2346629500389099,0.2377755343914032,0.2293960601091385,0.24374759197235107,0.23173683881759644,0.2668834924697876,0.25511807203292847,0.25197356939315796,0.24627597630023956,0.22515469789505005,0.23104551434516907,0.2439837008714676,0.24409568309783936,0.25627365708351135,0.24515631794929504,0.23739999532699585,0.22422771155834198,0.25916072726249695,0.24232786893844604,0.24254243075847626,0.24626995623111725,0.24608388543128967,0.2167382687330246,0.24066194891929626,0.23090247809886932,0.23008692264556885,0.24561679363250732,0.22687333822250366,0.22708147764205933,0.25014400482177734,0.23803243041038513,0.26021966338157654,0.1851353496313095,0.24799205362796783,0.20432403683662415
